Workbook

Sheet Лист2
A1: ФИО менеджера | B1: ФИО клиента | C1: Дата сделки | D1: Сумма сделки
A2: Яковлев Артем Игоревич | B2: Соловьев Степан Павлович | C2: 46265 | D2: 59837
A3: Яковлев Артем Игоревич | B3: Попов Олег Евгеньевич | C3: 46265 | D3: 46203
A4: Яковлев Артем Игоревич | B4: Андреева Анна Викторовна | C4: 46265 | D4: 36205
A5: Яковлев Артем Игоревич | B5: Соловьева Александра Ивановна | C5: 46264 | D5: 47434
A6: Яковлев Артем Игоревич | B6: Петров Николай Борисович | C6: 46263 | D6: 64049
A7: Яковлев Артем Игоревич | B7: Куликов Олег Евгеньевич | C7: 46023 | D7: 29304
A8: Яковлев Артем Игоревич | B8: Орлов Денис Дмитриевич | C8: 46023 | D8: 41063
A9: Яковлев Артем Игоревич | B9: Соловьева Надежда Олеговна | C9: 46023 | D9: 31735
A10: Яковлев Артем Игоревич | B10: Новиков Александр Кириллович | C10: 46263 | D10: 52125
A11: Яковлев Артем Игоревич | B11: Воробьева Екатерина Денисовна | C11: 46263 | D11: 50597
A12: Яковлев Артем Игоревич | B12: Соловьева Надежда Олеговна | C12: 46262 | D12: 32887
A13: Яковлев Артем Игоревич | B13: Смирнова Надежда Ильинична | C13: 46262 | D13: 49388
... A890: Яковлев Артем Игоревич | B890: Борисов Алексей Федорович | C890: 46101 | D890: 32546

Sheet авс
D23: 20/30/50 | E23: 80/15/5
D24: х | E24: У0
A25: Названия строк | B25: Сумма по полю Сумма сделки | C25: номер
A26: Яковлев Артем Игоревич | B26: 0.46325708 | C26: 1 | D26: =C26/MAX(C:C) -> 0.05 | E26: =B26 -> 0.46325708
A27: Фролов Сергей Викторович | B27: 0.65140157 | C27: 2 | D27: =C27/MAX(C:C) -> 0.1 | E27: =B27 -> 0.65140157
A28: Иванова Анна Сергеевна | B28: 0.76300468 | C28: 3 | D28: =C28/MAX(C:C) -> 0.15 | E28: =B28 -> 0.76300468
A29: Ткаченко Андрей Олегович | B29: 0.82402434 | C29: 4 | D29: =C29/MAX(C:C) -> 0.2 | E29: =B29 -> 0.82402434
A30: Семенова Ирина Валерьевна | B30: 0.86051651 | C30: 5 | D30: =C30/MAX(C:C) -> 0.25 | E30: =B30 -> 0.86051651
A31: Орлов Павел Денисович | B31: 0.88759772 | C31: 6 | D31: =C31/MAX(C:C) -> 0.3 | E31: =B31 -> 0.88759772
A32: Кузнецов Максим Алексеевич | B32: 0.90950566 | C32: 7 | D32: =C32/MAX(C:C) -> 0.35 | E32: =B32 -> 0.90950566
A33: Морозова Елена Андреевна | B33: 0.92697997 | C33: 8 | D33: =C33/MAX(C:C) -> 0.4 | E33: =B33 -> 0.92697997
A34: Волков Дмитрий Романович | B34: 0.9415384 | C34: 9 | D34: =C34/MAX(C:C) -> 0.45 | E34: =B34 -> 0.9415384
A35: Соколова Мария Ильинична | B35: 0.95345232 | C35: 10 | D35: =C35/MAX(C:C) -> 0.5 | E35: =B35 -> 0.95345232
A36: Лебедев Николай Олегович | B36: 0.96328599 | C36: 11 | D36: =C36/MAX(C:C) -> 0.55 | E36: =B36 -> 0.96328599
A37: Новикова Ольга Викторовна | B37: 0.97133498 | C37: 12 | D37: =C37/MAX(C:C) -> 0.6 | E37: =B37 -> 0.97133498
... A45: Федорова Ксения Максимовна | B45: 1 | C45: 20 | D45: =C45/MAX(C:C) -> 1 | E45: =B45 -> 1

Sheet ABC1
G2: y1 | H2: x
G3: 0 | H3: 0 | J3: xa-bc | K3: ya-bc
G4: 1 | H4: 1 | J4: =D29 -> 0.2 | K4: =E29 -> 0.82402434
G7: x | H7: y2 | J7: xb-c | K7: yb-c
G8: =J4 -> 0.2 | H8: =K4 -> 0.82402434 | J8: =D35 -> 0.5 | K8: =E35 -> 0.95345232
G9: =G4 -> 1 | H9: =H4 -> 1
D23: 20/30/50 | E23: 80/15/5
D24: х | E24: У0 | F24: y1 | G24: y0-y1 | H24: y2 | I24: y0-y2 | J24: abc
A25: Названия строк | B25: Сумма по полю Сумма сделки | C25: номер
A26: Яковлев Артем Игоревич | B26: 0.46325708 | C26: 1 | D26: =C26/MAX(C:C) -> 0.05 | E26: =B26 -> 0.46325708 | F26: =D26 -> 0.05 | G26: =E26-F26 -> 0.41325708 | H26: =0.22*D26+0.78 -> 0.791 | I26: =E26-H26 -> -0.32774292 | J26: a
A27: Фролов Сергей Викторович | B27: 0.65140157 | C27: 2 | D27: =C27/MAX(C:C) -> 0.1 | E27: =B27 -> 0.65140157 | F27: =D27 -> 0.1 | G27: =E27-F27 -> 0.55140157 | H27: =0.22*D27+0.78 -> 0.802 | I27: =E27-H27 -> -0.15059843 | J27: a
A28: Иванова Анна Сергеевна | B28: 0.76300468 | C28: 3 | D28: =C28/MAX(C:C) -> 0.15 | E28: =B28 -> 0.76300468 | F28: =D28 -> 0.15 | G28: =E28-F28 -> 0.61300468 | H28: =0.22*D28+0.78 -> 0.813 | I28: =E28-H28 -> -0.049995317 | J28: a
A29: Ткаченко Андрей Олегович | B29: 0.82402434 | C29: 4 | D29: =C29/MAX(C:C) -> 0.2 | E29: =B29 -> 0.82402434 | F29: =D29 -> 0.2 | G29: =E29-F29 -> 0.62402434 | H29: =0.22*D29+0.78 -> 0.824 | I29: =E29-H29 -> 2.4341098e-05 | J29: b
A30: Семенова Ирина Валерьевна | B30: 0.86051651 | C30: 5 | D30: =C30/MAX(C:C) -> 0.25 | E30: =B30 -> 0.86051651 | F30: =D30 -> 0.25 | G30: =E30-F30 -> 0.61051651 | H30: =0.22*D30+0.78 -> 0.835 | I30: =E30-H30 -> 0.025516508 | J30: b
A31: Орлов Павел Денисович | B31: 0.88759772 | C31: 6 | D31: =C31/MAX(C:C) -> 0.3 | E31: =B31 -> 0.88759772 | F31: =D31 -> 0.3 | G31: =E31-F31 -> 0.58759772 | H31: =0.22*D31+0.78 -> 0.846 | I31: =E31-H31 -> 0.041597717 | J31: b
A32: Кузнецов Максим Алексеевич | B32: 0.90950566 | C32: 7 | D32: =C32/MAX(C:C) -> 0.35 | E32: =B32 -> 0.90950566 | F32: =D32 -> 0.35 | G32: =E32-F32 -> 0.55950566 | H32: =0.22*D32+0.78 -> 0.857 | I32: =E32-H32 -> 0.05250566 | J32: b
A33: Морозова Елена Андреевна | B33: 0.92697997 | C33: 8 | D33: =C33/MAX(C:C) -> 0.4 | E33: =B33 -> 0.92697997 | F33: =D33 -> 0.4 | G33: =E33-F33 -> 0.52697997 | H33: =0.22*D33+0.78 -> 0.868 | I33: =E33-H33 -> 0.058979973 | J33: b
A34: Волков Дмитрий Романович | B34: 0.9415384 | C34: 9 | D34: =C34/MAX(C:C) -> 0.45 | E34: =B34 -> 0.9415384 | F34: =D34 -> 0.45 | G34: =E34-F34 -> 0.4915384 | H34: =0.22*D34+0.78 -> 0.879 | I34: =E34-H34 -> 0.062538404 | J34: b
A35: Соколова Мария Ильинична | B35: 0.95345232 | C35: 10 | D35: =C35/MAX(C:C) -> 0.5 | E35: =B35 -> 0.95345232 | F35: =D35 -> 0.5 | G35: =E35-F35 -> 0.45345232 | H35: =0.22*D35+0.78 -> 0.89 | I35: =E35-H35 -> 0.063452324 | J35: c
A36: Лебедев Николай Олегович | B36: 0.96328599 | C36: 11 | D36: =C36/MAX(C:C) -> 0.55 | E36: =B36 -> 0.96328599 | F36: =D36 -> 0.55 | G36: =E36-F36 -> 0.41328599 | H36: =0.22*D36+0.78 -> 0.901 | I36: =E36-H36 -> 0.062285992 | J36: c
A37: Новикова Ольга Викторовна | B37: 0.97133498 | C37: 12 | D37: =C37/MAX(C:C) -> 0.6 | E37: =B37 -> 0.97133498 | F37: =D37 -> 0.6 | G37: =E37-F37 -> 0.37133498 | H37: =0.22*D37+0.78 -> 0.912 | I37: =E37-H37 -> 0.059334982 | J37: c
... A45: Федорова Ксения Максимовна | B45: 1 | C45: 20 | D45: =C45/MAX(C:C) -> 1 | E45: =B45 -> 1 | F45: =D45 -> 1 | G45: =E45-F45 -> 0 | H45: =0.22*D45+0.78 -> 1 | I45: =E45-H45 -> 0 | J45: c

Sheet Данные
A1: ФИО менеджера | B1: ФИО клиента | C1: Дата сделки | D1: Сумма сделки
A2: Кузнецов Максим Алексеевич | B2: Сергеев Артем Павлович | C2: 46023 | D2: 14808
A3: Попов Кирилл Денисович | B3: Петрова Дарья Юрьевна | C3: 46023 | D3: 25895
A4: Ткаченко Андрей Олегович | B4: Степанов Дмитрий Викторович | C4: 46023 | D4: 20244
A5: Фролов Сергей Викторович | B5: Григорьева Надежда Владимировна | C5: 46023 | D5: 29698
A6: Фролов Сергей Викторович | B6: Ковалев Артем Михайлович | C6: 46023 | D6: 39864
A7: Яковлев Артем Игоревич | B7: Куликов Олег Евгеньевич | C7: 46023 | D7: 29304
A8: Яковлев Артем Игоревич | B8: Орлов Денис Дмитриевич | C8: 46023 | D8: 41063
A9: Яковлев Артем Игоревич | B9: Соловьева Надежда Олеговна | C9: 46023 | D9: 31735
A10: Иванова Анна Сергеевна | B10: Белова Ксения Алексеевна | C10: 46024 | D10: 26843
A11: Иванова Анна Сергеевна | B11: Григорьева Анна Денисовна | C11: 46024 | D11: 27309
A12: Кузнецов Максим Алексеевич | B12: Иванов Денис Максимович | C12: 46024 | D12: 14163
A13: Орлов Павел Денисович | B13: Романов Юрий Сергеевич | C13: 46024 | D13: 17951
... A2673: Яковлев Артем Игоревич | B2673: Соловьев Степан Павлович | C2673: 46265 | D2673: 59837

Sheet ABC Менеджеры
B7: ФИО Менеджера (по алфавиту) | C7: ABC по сумме сделки | D7: ABC по количеству сделок
A8: 1 | B8: Васильева Дарья Павловна | C8: =VLOOKUP(B8,'ABC1'!$A$25:$J$45,10,0) -> c | D8: =VLOOKUP(B8,'ABC1'!$A$25:$J$45,10,0) -> c
A9: 2 | B9: Волков Дмитрий Романович | C9: =VLOOKUP(B9,'ABC1'!$A$25:$J$45,10,0) -> b | D9: =VLOOKUP(B9,'ABC1'!$A$25:$J$45,10,0) -> b
A10: 3 | B10: Егоров Илья Александрович | C10: =VLOOKUP(B10,'ABC1'!$A$25:$J$45,10,0) -> c | D10: =VLOOKUP(B10,'ABC1'!$A$25:$J$45,10,0) -> c
A11: 4 | B11: Иванова Анна Сергеевна | C11: =VLOOKUP(B11,'ABC1'!$A$25:$J$45,10,0) -> a | D11: =VLOOKUP(B11,'ABC1'!$A$25:$J$45,10,0) -> a
A12: 5 | B12: Козлов Алексей Михайлович | C12: =VLOOKUP(B12,'ABC1'!$A$25:$J$45,10,0) -> c | D12: =VLOOKUP(B12,'ABC1'!$A$25:$J$45,10,0) -> c
A13: 6 | B13: Кузнецов Максим Алексеевич | C13: =VLOOKUP(B13,'ABC1'!$A$25:$J$45,10,0) -> b | D13: =VLOOKUP(B13,'ABC1'!$A$25:$J$45,10,0) -> b
A14: 7 | B14: Лебедев Николай Олегович | C14: =VLOOKUP(B14,'ABC1'!$A$25:$J$45,10,0) -> c | D14: =VLOOKUP(B14,'ABC1'!$A$25:$J$45,10,0) -> c
A15: 8 | B15: Михайлова Алина Романовна | C15: =VLOOKUP(B15,'ABC1'!$A$25:$J$45,10,0) -> c | D15: =VLOOKUP(B15,'ABC1'!$A$25:$J$45,10,0) -> c
A16: 9 | B16: Морозова Елена Андреевна | C16: =VLOOKUP(B16,'ABC1'!$A$25:$J$45,10,0) -> b | D16: =VLOOKUP(B16,'ABC1'!$A$25:$J$45,10,0) -> b
A17: 10 | B17: Новикова Ольга Викторовна | C17: =VLOOKUP(B17,'ABC1'!$A$25:$J$45,10,0) -> c | D17: =VLOOKUP(B17,'ABC1'!$A$25:$J$45,10,0) -> c
A18: 11 | B18: Орлов Павел Денисович | C18: =VLOOKUP(B18,'ABC1'!$A$25:$J$45,10,0) -> b | D18: =VLOOKUP(B18,'ABC1'!$A$25:$J$45,10,0) -> b
A19: 12 | B19: Павлова Татьяна Сергеевна | C19: =VLOOKUP(B19,'ABC1'!$A$25:$J$45,10,0) -> c | D19: =VLOOKUP(B19,'ABC1'!$A$25:$J$45,10,0) -> c
... A27: 20 | B27: Яковлев Артем Игоревич | C27: =VLOOKUP(B27,'ABC1'!$A$25:$J$45,10,0) -> a | D27: =VLOOKUP(B27,'ABC1'!$A$25:$J$45,10,0) -> a

Sheet ABC_XYZ Клиенты
A1: ФИО Клиента (все клиенты) | B1: янв | C1: фев | D1: мар | E1: апр | F1: май | G1: июн | H1: июл | I1: авг | J1: ABC | K1: XYZ | S1: Сумма по полю Сумма сделки | T1: Названия столбцов | AB1: вариация | AC1: ABC | AD1: XYZ | AE1: СУММА | AG1: 0 | AH1: A | AM1: 0 | AN1: X
A2: Соколова Александра Игоревна | B2: 68064 | C2: 75902 | D2: 77246 | E2: 76409 | F2: 79039 | G2: 61290 | H2: 74425 | I2: 59643 | J2: A | K2: X | S2: Названия строк | T2: янв | U2: фев | V2: мар | W2: апр | X2: май | Y2: июн | Z2: июл | AA2: авг | AB2: 0.09871021 | AC2: A | AD2: X | AE2: 572018 | AG2: 0.8 | AH2: B | AM2: 0.1 | AN2: Y | AP2: Сумма по полю СУММА | AQ2: Названия столбцов
A3: Алексеева Елена Андреевна | B3: 24823 | C3: 28831 | D3: 25438 | E3: 28339 | F3: 33068 | G3: 24625 | H3: 28881 | I3: 27814 | J3: A | K3: X | S3: Алексеев Антон Максимович | T3: 146955 | U3: 126813 | V3: 106618 | W3: 116564 | X3: 168233 | Y3: 143670 | Z3: 155001 | AA3: 147336 | AB3: 0.094352723 | AC3: A | AD3: X | AE3: 221819 | AG3: 0.95 | AH3: C | AM3: 0.25 | AN3: Z | AP3: Названия строк | AQ3: X | AR3: Y | AS3: Z
A4: Григорьева Надежда Владимировна | B4: 102374 | C4: 81352 | D4: 87486 | E4: 100782 | F4: 105780 | G4: 107398 | H4: 98944 | I4: 103787 | J4: A | K4: X | S4: Алексеев Антон Федорович | T4: 13800 | U4: 18158 | V4: 16745 | W4: 15732 | X4: 10628 | Y4: 13243 | Z4: 16602 | AA4: 16158 | AB4: 0.087631134 | AC4: A | AD4: X | AE4: 787903 | AP4: A | AQ4: 27499872 | AR4: 18077829 | AS4: 19630261
A5: Соловьева Полина Алексеевна | B5: 142825 | C5: 136670 | D5: 135153 | E5: 142775 | F5: 116314 | G5: 150545 | H5: 153902 | I5: 138130 | J5: A | K5: X | S5: Алексеев Денис Максимович | T5: 35918 | U5: 31769 | V5: 38442 | W5: 5448 | X5: 18850 | Y5: 32908 | Z5: 6088 | AA5: 38098 | AB5: 0.076749192 | AC5: A | AD5: X | AE5: 1116314 | AP5: B | AQ5: 5208052 | AR5: 3257881 | AS5: 3869789
A6: Кузнецова Наталья Ильинична | B6: 47251 | C6: 48492 | D6: 44969 | E6: 45590 | F6: 45027 | G6: 44607 | H6: 48700 | I6: 45775 | J6: A | K6: X | S6: Алексеев Иван Николаевич | T6: 17897 | U6: 16756 | V6: 17654 | W6: 17623 | X6: 17421 | Y6: 17990 | Z6: 17272 | AA6: 17144 | AB6: 0.032849806 | AC6: A | AD6: X | AE6: 370411 | AP6: C | AQ6: 1743735 | AR6: 1428267 | AS6: 1009469
A7: Борисов Антон Евгеньевич | B7: 42759 | C7: 45557 | D7: 44960 | E7: 43847 | F7: 43130 | G7: 42675 | H7: 45913 | I7: 46153 | J7: A | K7: X | S7: Алексеев Михаил Викторович | T7: 10699 | U7: 75050 | V7: 64443 | W7: 80783 | X7: 7649 | Y7: 14046 | Z7: 14910 | AA7: 32978 | AB7: 0.03044009 | AC7: A | AD7: X | AE7: 354994
A8: Васильева Виктория Максимовна | B8: 30488 | C8: 31571 | D8: 32150 | E8: 30370 | F8: 32737 | G8: 30226 | H8: 29966 | I8: 30894 | J8: A | K8: X | S8: Алексеев Никита Михайлович | T8: 21939 | U8: 33710 | V8: 19345 | W8: 18854 | X8: 29082 | Y8: 28265 | Z8: 19925 | AA8: 22683 | AB8: 0.03009142 | AC8: A | AD8: X | AE8: 248402
A9: Орлов Юрий Сергеевич | B9: 35078 | C9: 35174 | D9: 33327 | E9: 35056 | F9: 32572 | G9: 32572 | H9: 34074 | I9: 34150 | J9: A | K9: X | S9: Алексеев Олег Кириллович | T9: 9818 | U9: 10791 | V9: 28461 | W9: 25352 | X9: 22441 | Y9: 5200 | Z9: 5338 | AA9: 25585 | AB9: 0.029803615 | AC9: A | AD9: X | AE9: 272003
A10: Баранова Ирина Андреевна | B10: 82626 | C10: 82313 | D10: 77483 | E10: 77429 | F10: 82510 | G10: 77290 | H10: 80315 | I10: 82191 | J10: A | K10: X | S10: Алексеева Виктория Олеговна | T10: 13812 | U10: 15038 | V10: 14329 | W10: 14800 | X10: 14830 | Y10: 14568 | Z10: 13998 | AA10: 14861 | AB10: 0.02893422 | AC10: A | AD10: X | AE10: 642157
A11: Зайцев Виктор Игоревич | B11: 112639 | C11: 107434 | D11: 108243 | E11: 108883 | F11: 116021 | G11: 110412 | H11: 110300 | I11: 116162 | J11: A | K11: X | S11: Алексеева Дарья Алексеевна | T11: 39114 | U11: 54395 | V11: 39346 | W11: 38440 | X11: 51918 | Y11: 40886 | Z11: 49663 | AA11: 52312 | AB11: 0.028356118 | AC11: A | AD11: X | AE11: 890094
S12: Алексеева Елена Андреевна | T12: 24823 | U12: 28831 | V12: 25438 | W12: 28339 | X12: 33068 | Y12: 24625 | Z12: 28881 | AA12: 27814 | AB12: 0.028166668 | AC12: A | AD12: X | AE12: 585501
M13: Сводная таблица | S13: Алексеева Елена Олеговна | T13: 100312 | U13: 99515 | V13: 8976 | W13: 39387 | X13: 32121 | Y13: 15088 | Z13: 9186 | AA13: 14649 | AB13: 0.027313952 | AC13: A | AD13: X | AE13: 218442
M14: количество клиентов каждой категории | S14: Алексеева Софья Ильинична | T14: 106827 | U14: 109717 | V14: 113129 | W14: 108571 | X14: 112447 | Y14: 105455 | Z14: 110313 | AA14: 112094 | AB14: 0.026795498 | AC14: A | AD14: X | AE14: 893960
N15: X | O15: Y | P15: Z | S15: Алексеева Юлия Андреевна | T15: 5770 | U15: 29238 | V15: 5200 | W15: 11510 | X15: 35968 | Y15: 9832 | Z15: 5200 | AA15: 5200 | AB15: 0.026670618 | AC15: A | AD15: X | AE15: 1253697
M16: A | N16: 50 | O16: 32 | P16: 36 | S16: Андреев Артем Николаевич | T16: 12857 | U16: 17177 | V16: 22643 | W16: 14120 | X16: 12891 | Y16: 13129 | Z16: 15959 | AA16: 13820 | AB16: 0.026613295 | AC16: A | AD16: X | AE16: 336203
M17: B | N17: 35 | O17: 21 | P17: 25 | S17: Андреев Владимир Денисович | T17: 134451 | U17: 23947 | V17: 111957 | W17: 53787 | X17: 97481 | Y17: 41004 | Z17: 107123 | AA17: 40749 | AB17: 0.026347473 | AC17: A | AD17: X | AE17: 888556
M18: C | N18: 15 | O18: 13 | P18: 10 | S18: Андреев Денис Федорович | T18: 29071 | U18: 29625 | V18: 29443 | W18: 29203 | X18: 29602 | Y18: 30115 | Z18: 29640 | AA18: 28875 | AB18: 0.025459968 | AC18: A | AD18: X | AE18: 423896
S19: Андреев Олег Дмитриевич | T19: 12522 | U19: 14145 | V19: 9422 | W19: 11521 | X19: 31136 | Y19: 12683 | Z19: 26382 | AA19: 31987 | AB19: 0.025316829 | AC19: A | AD19: X | AE19: 394523
M20: Сумма сделок в каждой категории | S20: Андреев Федор Олегович | T20: 5200 | U20: 5307 | V20: 22191 | W20: 23196 | X20: 11412 | Y20: 10784 | Z20: 19875 | AA20: 29486 | AB20: 0.025303093 | AC20: A | AD20: X | AE20: 1152753
N21: X | O21: Y | P21: Z | S21: Андреева Анна Викторовна | T21: 67289 | U21: 54656 | V21: 16391 | W21: 169148 | X21: 179108 | Y21: 30510 | Z21: 35341 | AA21: 174926 | AB21: 0.024825405 | AC21: A | AD21: X | AE21: 224471
M22: A | N22: 27499872 | O22: 18077829 | P22: 19630261 | S22: Андреева Валерия Евгеньевна | T22: 16049 | U22: 16143 | V22: 16222 | W22: 16091 | X22: 16410 | Y22: 17432 | Z22: 17458 | AA22: 17395 | AB22: 0.024820837 | AC22: A | AD22: X | AE22: 223540
M23: B | N23: 5208052 | O23: 3257881 | P23: 3869789 | S23: Андреева Ирина Ильинична | T23: 40856 | U23: 42428 | V23: 42688 | W23: 43061 | X23: 42781 | Y23: 40638 | Z23: 43363 | AA23: 40388 | AB23: 0.024251649 | AC23: A | AD23: X | AE23: 604955
M24: C | N24: 1743735 | O24: 1428267 | P24: 1009469 | S24: Баранов Алексей Артемович | T24: 16173 | U24: 15609 | V24: 15785 | W24: 15495 | X24: 16100 | Y24: 16273 | Z24: 15628 | AA24: 15301 | AB24: 0.024182928 | AC24: A | AD24: X | AE24: 231549
S25: Баранов Андрей Николаевич | T25: 11599 | U25: 12908 | V25: 26543 | W25: 9655 | X25: 6786 | Y25: 12840 | Z25: 12719 | AA25: 5200 | AB25: 0.024030443 | AC25: A | AD25: X | AE25: 310895
S26: Баранов Антон Дмитриевич | T26: 38058 | U26: 34972 | V26: 99943 | W26: 81206 | X26: 99418 | Y26: 238426 | Z26: 106999 | AA26: 40223 | AB26: 0.023764273 | AC26: A | AD26: X | AE26: 267091
S27: Баранова Анастасия Михайловна | T27: 20137 | U27: 20216 | V27: 12895 | W27: 13468 | X27: 12387 | Y27: 11564 | Z27: 15800 | AA27: 13649 | AB27: 0.023634376 | AC27: A | AD27: X | AE27: 627562
S28: Баранова Екатерина Андреевна | T28: 92885 | U28: 63568 | V28: 92447 | W28: 78971 | X28: 63215 | Y28: 68694 | Z28: 67661 | AA28: 94672 | AB28: 0.023515936 | AC28: A | AD28: X | AE28: 564390
S29: Баранова Ирина Андреевна | T29: 82626 | U29: 82313 | V29: 77483 | W29: 77429 | X29: 82510 | Y29: 77290 | Z29: 80315 | AA29: 82191 | AB29: 0.023403758 | AC29: A | AD29: X | AE29: 878553
S30: Баранова Ксения Андреевна | T30: 12441 | U30: 14823 | V30: 30339 | W30: 13170 | X30: 32097 | Y30: 10761 | Z30: 9583 | AA30: 11723 | AB30: 0.021739143 | AC30: A | AD30: X | AE30: 312871
S31: Баранова Наталья Алексеевна | T31: 17853 | U31: 19121 | V31: 17540 | W31: 13832 | X31: 22250 | Y31: 17335 | Z31: 21412 | AA31: 15565 | AB31: 0.021441222 | AC31: A | AD31: X | AE31: 736022
S32: Баранова Татьяна Денисовна | T32: 16072 | U32: 18970 | V32: 13665 | W32: 11405 | X32: 14667 | Y32: 11678 | Z32: 12939 | AA32: 13536 | AB32: 0.021380069 | AC32: A | AD32: X | AE32: 867506
S33: Баранова Юлия Олеговна | T33: 15031 | U33: 14626 | V33: 15586 | W33: 15357 | X33: 15466 | Y33: 15254 | Z33: 15041 | AA33: 15258 | AB33: 0.021342855 | AC33: A | AD33: X | AE33: 1050439
S34: Белова Анастасия Викторовна | T34: 39724 | U34: 33892 | V34: 39326 | W34: 38092 | X34: 39493 | Y34: 48283 | Z34: 50999 | AA34: 41369 | AB34: 0.021121257 | AC34: A | AD34: X | AE34: 226862
S35: Белова Ксения Алексеевна | T35: 54865 | U35: 34159 | V35: 12745 | W35: 13320 | X35: 30945 | Y35: 21232 | Z35: 13127 | AA35: 76071 | AB35: 0.02080001 | AC35: A | AD35: X | AE35: 210973
S36: Белова Ксения Павловна | T36: 33539 | U36: 34486 | V36: 32487 | W36: 33567 | X36: 34474 | Y36: 33363 | Z36: 34069 | AA36: 33309 | AB36: 0.020722213 | AC36: A | AD36: X | AE36: 484258
... S238: Яковлева Мария Николаевна | T238: 27797 | U238: 22414 | V238: 20177 | W238: 23344 | X238: 17592 | Y238: 22289 | Z238: 17730 | AA238: 26775 | AB238: 0.49192952 | AC238: C | AD238: Z | AE238: 98250
S239: Яковлева Полина Максимовна | T239: 34721 | U239: 32549 | V239: 33164 | W239: 33460 | X239: 33202 | Y239: 33005 | Z239: 33613 | AA239: 33348
